Campaign,Campaign Status,Campaign Daily Budget,Campaign Type,Ad Group,Ad Group Status,Keyword,Criterion Type,Location,Headline 1,Headline 2,Headline 3,Headline 4,Headline 5,Headline 6,Headline 7,Headline 8,Headline 9,Headline 10,Headline 11,Headline 12,Headline 13,Headline 14,Headline 15,Description 1,Description 2,Description 3,Description 4,Final URL,Type
Fluxo Rural - B2C - Calculadora de Margem,Paused,10.00,Search,Calculadora Soja,Enabled,calculadora de margem soja,Phrase,,,,,,,,,,,,,,,,,,,,,,
Fluxo Rural - B2C - Calculadora de Margem,Paused,10.00,Search,Calculadora Soja,Enabled,calcular margem por hectare soja,Phrase,,,,,,,,,,,,,,,,,,,,,,
Fluxo Rural - B2C - Calculadora de Margem,Paused,10.00,Search,Calculadora Soja,Enabled,custo por hectare soja,Phrase,,,,,,,,,,,,,,,,,,,,,,
Fluxo Rural - B2C - Calculadora de Margem,Paused,10.00,Search,Calculadora Soja,Enabled,lucro por hectare soja,Phrase,,,,,,,,,,,,,,,,,,,,,,
Fluxo Rural - B2C - Calculadora de Margem,Paused,10.00,Search,Calculadora Soja,Enabled,margem por hectare soja,Phrase,,,,,,,,,,,,,,,,,,,,,,
Fluxo Rural - B2C - Calculadora de Margem,Paused,10.00,Search,Calculadora Milho e Trigo,Enabled,calcular margem milho,Phrase,,,,,,,,,,,,,,,,,,,,,,
Fluxo Rural - B2C - Calculadora de Margem,Paused,10.00,Search,Calculadora Milho e Trigo,Enabled,custo por hectare milho,Phrase,,,,,,,,,,,,,,,,,,,,,,
Fluxo Rural - B2C - Calculadora de Margem,Paused,10.00,Search,Calculadora Milho e Trigo,Enabled,custo por hectare trigo,Phrase,,,,,,,,,,,,,,,,,,,,,,
Fluxo Rural - B2C - Calculadora de Margem,Paused,10.00,Search,Calculadora Milho e Trigo,Enabled,margem por hectare trigo,Phrase,,,,,,,,,,,,,,,,,,,,,,
Fluxo Rural - B2C - Calculadora de Margem,Paused,10.00,Search,Calculadora Milho e Trigo,Enabled,calcular custo producao trigo,Phrase,,,,,,,,,,,,,,,,,,,,,,
Fluxo Rural - B2C - Calculadora de Margem,Paused,10.00,Search,Calculadora de Margem Geral,Enabled,calcular margem lavoura,Phrase,,,,,,,,,,,,,,,,,,,,,,
Fluxo Rural - B2C - Calculadora de Margem,Paused,10.00,Search,Calculadora de Margem Geral,Enabled,como calcular rentabilidade safra,Phrase,,,,,,,,,,,,,,,,,,,,,,
Fluxo Rural - B2C - Calculadora de Margem,Paused,10.00,Search,Calculadora de Margem Geral,Enabled,calculadora de lucro fazenda,Phrase,,,,,,,,,,,,,,,,,,,,,,
Fluxo Rural - B2C - Calculadora de Margem,Paused,10.00,Search,Calculadora de Margem Geral,Enabled,custo de producao de graos,Phrase,,,,,,,,,,,,,,,,,,,,,,
Fluxo Rural - B2C - Calculadora de Margem,Paused,10.00,Search,,,,,-gado,Negative,,,,,,,,,,,,,,,,,,,,,,
Fluxo Rural - B2C - Calculadora de Margem,Paused,10.00,Search,,,,,-leite,Negative,,,,,,,,,,,,,,,,,,,,,,
Fluxo Rural - B2C - Calculadora de Margem,Paused,10.00,Search,,,,,-corte,Negative,,,,,,,,,,,,,,,,,,,,,,
Fluxo Rural - B2C - Calculadora de Margem,Paused,10.00,Search,,,,,-boi,Negative,,,,,,,,,,,,,,,,,,,,,,
Fluxo Rural - B2C - Calculadora de Margem,Paused,10.00,Search,,,,,-vaca,Negative,,,,,,,,,,,,,,,,,,,,,,
Fluxo Rural - B2C - Calculadora de Margem,Paused,10.00,Search,,,,,-bezerro,Negative,,,,,,,,,,,,,,,,,,,,,,
Fluxo Rural - B2C - Calculadora de Margem,Paused,10.00,Search,,,,,-novilho,Negative,,,,,,,,,,,,,,,,,,,,,,
Fluxo Rural - B2C - Calculadora de Margem,Paused,10.00,Search,,,,,-pasto,Negative,,,,,,,,,,,,,,,,,,,,,,
Fluxo Rural - B2C - Calculadora de Margem,Paused,10.00,Search,,,,,-pastagem,Negative,,,,,,,,,,,,,,,,,,,,,,
Fluxo Rural - B2C - Calculadora de Margem,Paused,10.00,Search,,,,,-leitaria,Negative,,,,,,,,,,,,,,,,,,,,,,
Fluxo Rural - B2C - Calculadora de Margem,Paused,10.00,Search,,,,,-ordenha,Negative,,,,,,,,,,,,,,,,,,,,,,
Fluxo Rural - B2C - Calculadora de Margem,Paused,10.00,Search,,,,,-aves,Negative,,,,,,,,,,,,,,,,,,,,,,
Fluxo Rural - B2C - Calculadora de Margem,Paused,10.00,Search,,,,,-frango,Negative,,,,,,,,,,,,,,,,,,,,,,
Fluxo Rural - B2C - Calculadora de Margem,Paused,10.00,Search,,,,,-suinos,Negative,,,,,,,,,,,,,,,,,,,,,,
Fluxo Rural - B2C - Calculadora de Margem,Paused,10.00,Search,,,,,-porco,Negative,,,,,,,,,,,,,,,,,,,,,,
Fluxo Rural - B2C - Calculadora de Margem,Paused,10.00,Search,,,,,-piscicultura,Negative,,,,,,,,,,,,,,,,,,,,,,
Fluxo Rural - B2C - Calculadora de Margem,Paused,10.00,Search,,,,,-peixe,Negative,,,,,,,,,,,,,,,,,,,,,,
Fluxo Rural - B2C - Calculadora de Margem,Paused,10.00,Search,,,,,-faculdade,Negative,,,,,,,,,,,,,,,,,,,,,,
Fluxo Rural - B2C - Calculadora de Margem,Paused,10.00,Search,,,,,-tcc,Negative,,,,,,,,,,,,,,,,,,,,,,
Fluxo Rural - B2C - Calculadora de Margem,Paused,10.00,Search,,,,,-artigo,Negative,,,,,,,,,,,,,,,,,,,,,,
Fluxo Rural - B2C - Calculadora de Margem,Paused,10.00,Search,,,,,-trabalho escolar,Negative,,,,,,,,,,,,,,,,,,,,,,
Fluxo Rural - B2C - Calculadora de Margem,Paused,10.00,Search,Calculadora Soja,Enabled,,,,Calculadora de Margem Soja,Margem por Hectare Gratis,Custo por Hectare de Graos,Rentabilidade da Safra,Compare com Seu Estado,Sua Lavoura Da Lucro?,Teste Gratis de 2 Minutos,Sem Planilhas Complexas,Gestao Financeira no Celular,Veja Sua Margem Bruta,Resultados em Tempo Real,Planeje Sua Safra,Quanto Sobra por Hectare?,Analise Pratica de Graos,Fluxo Rural Consultoria,Descubra sua margem por hectare de soja em 2 minutos direto no celular.,Compare seus resultados com a media dos produtores do seu estado. Gratis.,Evite surpresas com o custo da saca. Calcule sua real rentabilidade.,Tenha clareza financeira para tomar decisoes mais seguras na safra.,https://fluxorural.com.br/calculadora/,Responsive search ad
Fluxo Rural - B2C - Calculadora de Margem,Paused,10.00,Search,Calculadora Milho e Trigo,Enabled,,,,Calculadora Milho e Trigo,Margem por Hectare Gratis,Custo por Hectare de Graos,Rentabilidade da Safra,Compare com Seu Estado,Sua Lavoura Da Lucro?,Teste Gratis de 2 Minutos,Sem Planilhas Complexas,Gestao Financeira no Celular,Veja Sua Margem Bruta,Resultados em Tempo Real,Planeje Safra de Milho/Trigo,Quanto Sobra por Hectare?,Analise Pratica de Graos,Fluxo Rural Consultoria,Descubra sua margem por hectare de milho/trigo em 2 minutos no celular.,Compare seus resultados com a media dos produtores do seu estado. Gratis.,Evite surpresas com o custo da saca. Calcule sua real rentabilidade.,Tenha clareza financeira para tomar decisoes mais seguras na safra.,https://fluxorural.com.br/calculadora/,Responsive search ad
Fluxo Rural - B2C - Calculadora de Margem,Paused,10.00,Search,Calculadora de Margem Geral,Enabled,,,,Calculadora de Margem Geral,Margem por Hectare Gratis,Custo por Hectare de Graos,Rentabilidade da Safra,Compare com Seu Estado,Sua Lavoura Da Lucro?,Teste Gratis de 2 Minutos,Sem Planilhas Complexas,Gestao Financeira no Celular,Veja Sua Margem Bruta,Resultados em Tempo Real,Planeje Sua Safra,Quanto Sobra por Hectare?,Analise Pratica de Graos,Fluxo Rural Consultoria,Descubra sua margem por hectare de graos em 2 minutos direto no celular.,Compare seus resultados com a media dos produtores do seu estado. Gratis.,Evite surpresas com o custo da saca. Calcule sua real rentabilidade.,Tenha clareza financeira para tomar decisoes mais seguras na safra.,https://fluxorural.com.br/calculadora/,Responsive search ad
Fluxo Rural - B2B - Palestras e Eventos,Paused,10.00,Search,Palestras Agronegocio,Enabled,palestrante agronegocio,Phrase,,,,,,,,,,,,,,,,,,,,,,
Fluxo Rural - B2B - Palestras e Eventos,Paused,10.00,Search,Palestras Agronegocio,Enabled,palestra para eventos agro,Phrase,,,,,,,,,,,,,,,,,,,,,,
Fluxo Rural - B2B - Palestras e Eventos,Paused,10.00,Search,Palestras Agronegocio,Enabled,palestrante para cooperativas,Phrase,,,,,,,,,,,,,,,,,,,,,,
Fluxo Rural - B2B - Palestras e Eventos,Paused,10.00,Search,Palestras Agronegocio,Enabled,palestra motivacional agro,Phrase,,,,,,,,,,,,,,,,,,,,,,
Fluxo Rural - B2B - Palestras e Eventos,Paused,10.00,Search,Palestras Agronegocio,Enabled,palestrante agricultura,Phrase,,,,,,,,,,,,,,,,,,,,,,
Fluxo Rural - B2B - Palestras e Eventos,Paused,10.00,Search,Workshop Lideranca Agro,Enabled,palestra sucessao familiar agro,Phrase,,,,,,,,,,,,,,,,,,,,,,
Fluxo Rural - B2B - Palestras e Eventos,Paused,10.00,Search,Workshop Lideranca Agro,Enabled,workshop lideranca agronegocio,Phrase,,,,,,,,,,,,,,,,,,,,,,
Fluxo Rural - B2B - Palestras e Eventos,Paused,10.00,Search,Workshop Lideranca Agro,Enabled,palestra gestao financeira rural,Phrase,,,,,,,,,,,,,,,,,,,,,,
Fluxo Rural - B2B - Palestras e Eventos,Paused,10.00,Search,Workshop Lideranca Agro,Enabled,palestra inteligencia artificial agro,Phrase,,,,,,,,,,,,,,,,,,,,,,
Fluxo Rural - B2B - Palestras e Eventos,Paused,10.00,Search,Workshop Lideranca Agro,Enabled,treinamento lideranca de fazenda,Phrase,,,,,,,,,,,,,,,,,,,,,,
Fluxo Rural - B2B - Palestras e Eventos,Paused,10.00,Search,,,,,-como dar palestra,Negative,,,,,,,,,,,,,,,,,,,,,,
Fluxo Rural - B2B - Palestras e Eventos,Paused,10.00,Search,,,,,-escola,Negative,,,,,,,,,,,,,,,,,,,,,,
Fluxo Rural - B2B - Palestras e Eventos,Paused,10.00,Search,,,,,-faculdade,Negative,,,,,,,,,,,,,,,,,,,,,,
Fluxo Rural - B2B - Palestras e Eventos,Paused,10.00,Search,,,,,-tcc,Negative,,,,,,,,,,,,,,,,,,,,,,
Fluxo Rural - B2B - Palestras e Eventos,Paused,10.00,Search,,,,,-artigo,Negative,,,,,,,,,,,,,,,,,,,,,,
Fluxo Rural - B2B - Palestras e Eventos,Paused,10.00,Search,,,,,-pdf gratis,Negative,,,,,,,,,,,,,,,,,,,,,,
Fluxo Rural - B2B - Palestras e Eventos,Paused,10.00,Search,,,,,-cursos gratis,Negative,,,,,,,,,,,,,,,,,,,,,,
Fluxo Rural - B2B - Palestras e Eventos,Paused,10.00,Search,,,,,-emprego,Negative,,,,,,,,,,,,,,,,,,,,,,
Fluxo Rural - B2B - Palestras e Eventos,Paused,10.00,Search,,,,,-vaga,Negative,,,,,,,,,,,,,,,,,,,,,,
Fluxo Rural - B2B - Palestras e Eventos,Paused,10.00,Search,,,,,-salario,Negative,,,,,,,,,,,,,,,,,,,,,,
Fluxo Rural - B2B - Palestras e Eventos,Paused,10.00,Search,Palestras Agronegocio,Enabled,,,,Palestrante de Agronegocio,Lucas Dierings Palestras,Gestao e Inovacao Agro,Lideranca no Agronegocio,Inteligencia Artificial Agro,Financas no Campo Pratico,Temas Reais de Negocio,Linguagem de Produtor,Host do Podcast NHCast,Destaque CNA Jovem,MBA USP Esalq Agro,Solucoes para Cooperativas,Palestras de Alto Impacto,Apoio para Seu Evento,Proposta Comercial em 24h,Leve conteúdo aplicado e linguagem do campo para sua feira ou cooperativa.,Lucas Dierings: host do NHCast (New Holland) e Top 5 CNA Jovem do Brasil.,Palestras presenciais ou online sobre Gestao, Lideranca, Financas e IA.,Solicite o midia kit em PDF e fale com nossa equipe no WhatsApp.,https://fluxorural.com.br/palestras/,Responsive search ad
Fluxo Rural - B2B - Palestras e Eventos,Paused,10.00,Search,Workshop Lideranca Agro,Enabled,,,,Workshop de Lideranca Agro,Lucas Dierings Treinamentos,Gestao e Lideranca Rural,Sucessao Familiar no Agro,Dinâmicas JCI no Campo,Formacao de Lideres Agro,Novo Modelo de Lideranca,Mentalidade de Dono,Como Liderar no Agro,Evite Apagao de Equipes,MBA USP Esalq Agro,Destaque CNA Jovem,Metodologia JCI Aplicada,Workshop Pratico de Gestao,Proposta Comercial em 24h,Leve workshops e dinâmicas praticas de gestao e lideranca ao seu evento.,Treinamento focado em sucessao familiar, gestao financeira e dinâmicas.,Lucas Dierings: metodologia JCI aplicada a realidade do produtor rural.,Fale conosco pelo WhatsApp e peça seu orçamento personalizado.,https://fluxorural.com.br/palestras/,Responsive search ad
Fluxo Rural - B2B - Palestras e Eventos,Paused,10.00,Search,,,,,Brasilia; Distrito Federal; Brazil,,,,,,,,,,,,,,,,,,,,,,,,,,
Fluxo Rural - B2B - Palestras e Eventos,Paused,10.00,Search,,,,,Campo Mourao; Parana; Brazil,,,,,,,,,,,,,,,,,,,,,,,,,,
Fluxo Rural - B2B - Palestras e Eventos,Paused,10.00,Search,,,,,Maringa; Parana; Brazil,,,,,,,,,,,,,,,,,,,,,,,,,,
Fluxo Rural - B2B - Palestras e Eventos,Paused,10.00,Search,,,,,Londrina; Parana; Brazil,,,,,,,,,,,,,,,,,,,,,,,,,,
Fluxo Rural - B2B - Palestras e Eventos,Paused,10.00,Search,,,,,Palotina; Parana; Brazil,,,,,,,,,,,,,,,,,,,,,,,,,,
Fluxo Rural - B2B - Palestras e Eventos,Paused,10.00,Search,,,,,Medianeira; Parana; Brazil,,,,,,,,,,,,,,,,,,,,,,,,,,
Fluxo Rural - B2B - Palestras e Eventos,Paused,10.00,Search,,,,,Cafelandia; Parana; Brazil,,,,,,,,,,,,,,,,,,,,,,,,,,
Fluxo Rural - B2B - Palestras e Eventos,Paused,10.00,Search,,,,,Guarapuava; Parana; Brazil,,,,,,,,,,,,,,,,,,,,,,,,,,
Fluxo Rural - B2B - Palestras e Eventos,Paused,10.00,Search,,,,,Cascavel; Parana; Brazil,,,,,,,,,,,,,,,,,,,,,,,,,,
Fluxo Rural - B2B - Palestras e Eventos,Paused,10.00,Search,,,,,Castro; Parana; Brazil,,,,,,,,,,,,,,,,,,,,,,,,,,
Fluxo Rural - B2B - Palestras e Eventos,Paused,10.00,Search,,,,,Carambei; Parana; Brazil,,,,,,,,,,,,,,,,,,,,,,,,,,
Fluxo Rural - B2B - Palestras e Eventos,Paused,10.00,Search,,,,,Arapoti; Parana; Brazil,,,,,,,,,,,,,,,,,,,,,,,,,,
Fluxo Rural - B2B - Palestras e Eventos,Paused,10.00,Search,,,,,Curitiba; Parana; Brazil,,,,,,,,,,,,,,,,,,,,,,,,,,
Fluxo Rural - B2B - Palestras e Eventos,Paused,10.00,Search,,,,,Rio Verde; Goias; Brazil,,,,,,,,,,,,,,,,,,,,,,,,,,
Fluxo Rural - B2B - Palestras e Eventos,Paused,10.00,Search,,,,,Goiania; Goias; Brazil,,,,,,,,,,,,,,,,,,,,,,,,,,
Fluxo Rural - B2B - Palestras e Eventos,Paused,10.00,Search,,,,,Ribeirao Preto; Sao Paulo; Brazil,,,,,,,,,,,,,,,,,,,,,,,,,,
Fluxo Rural - B2B - Palestras e Eventos,Paused,10.00,Search,,,,,Bebedouro; Sao Paulo; Brazil,,,,,,,,,,,,,,,,,,,,,,,,,,
Fluxo Rural - B2B - Palestras e Eventos,Paused,10.00,Search,,,,,Piracicaba; Sao Paulo; Brazil,,,,,,,,,,,,,,,,,,,,,,,,,,
Fluxo Rural - B2B - Palestras e Eventos,Paused,10.00,Search,,,,,Cuiaba; Mato Grosso; Brazil,,,,,,,,,,,,,,,,,,,,,,,,,,
Fluxo Rural - B2B - Palestras e Eventos,Paused,10.00,Search,,,,,Sinop; Mato Grosso; Brazil,,,,,,,,,,,,,,,,,,,,,,,,,,
Fluxo Rural - B2B - Palestras e Eventos,Paused,10.00,Search,,,,,Lucas do Rio Verde; Mato Grosso; Brazil,,,,,,,,,,,,,,,,,,,,,,,,,,
Fluxo Rural - B2B - Palestras e Eventos,Paused,10.00,Search,,,,,Sorriso; Mato Grosso; Brazil,,,,,,,,,,,,,,,,,,,,,,,,,,
Fluxo Rural - B2B - Palestras e Eventos,Paused,10.00,Search,,,,,Nao-Me-Toque; Rio Grande do Sul; Brazil,,,,,,,,,,,,,,,,,,,,,,,,,,
Fluxo Rural - B2B - Palestras e Eventos,Paused,10.00,Search,,,,,Chapeco; Santa Catarina; Brazil,,,,,,,,,,,,,,,,,,,,,,,,,,
Fluxo Rural - B2B - Palestras e Eventos,Paused,10.00,Search,,,,,Passo Fundo; Rio Grande do Sul; Brazil,,,,,,,,,,,,,,,,,,,,,,,,,,
Fluxo Rural - B2B - Palestras e Eventos,Paused,10.00,Search,,,,,Luis Eduardo Magalhaes; Bahia; Brazil,,,,,,,,,,,,,,,,,,,,,,,,,,
Fluxo Rural - B2B - Palestras e Eventos,Paused,10.00,Search,,,,,Belo Horizonte; Minas Gerais; Brazil,,,,,,,,,,,,,,,,,,,,,,,,,,
Fluxo Rural - B2B - Palestras e Eventos,Paused,10.00,Search,,,,,Salvador; Bahia; Brazil,,,,,,,,,,,,,,,,,,,,,,,,,,
Fluxo Rural - B2B - Palestras e Eventos,Paused,10.00,Search,,,,,Florianopolis; Santa Catarina; Brazil,,,,,,,,,,,,,,,,,,,,,,,,,,
Fluxo Rural - B2B - Palestras e Eventos,Paused,10.00,Search,,,,,Palmas; Tocantins; Brazil,,,,,,,,,,,,,,,,,,,,,,,,,,
Fluxo Rural - B2B - Palestras e Eventos,Paused,10.00,Search,,,,,Sao Luis; Maranhao; Brazil,,,,,,,,,,,,,,,,,,,,,,,,,,
Fluxo Rural - B2B - Palestras e Eventos,Paused,10.00,Search,,,,,Belem; Para; Brazil,,,,,,,,,,,,,,,,,,,,,,,,,,
